{
  "ClientBuildDetails": {
    "CommitHash": "ef7def2e64d41dec223b9f926d2749a8061c3aa6",
    "IsLocalBuild": false
  },
  "ClientPerFileChecksums": {
    "AppCheckerResult.sarif": "C8_Trew5kHvEOSfyTK8A3j7+DC79lqT10A3SEIN776BQPg=",
    "Assets\\Images\\130c502e-addb-43fa-9623-50d5c5dcea32.jpg": "C8_FFffRWrY0KCcR8Zfg+tgW913WkLS3rTUocOGtSYCD7Y=",
    "Assets\\Images\\3f88892a-2f01-4d98-8dc3-8b2c31b62b48.jpg": "C8_IqCAQBIhOYbT0UJ5bS46/vrGgD2cjJ5SX41Bkstd5DI=",
    "Assets\\Images\\4853aa7c-cd02-41d2-9e52-7fd63996241b.jpg": "C8_bxz9NWZLSheS8Sj3Nf4EtNDRBs8c6hKBvD7hgCKJ4ZM=",
    "Assets\\Images\\ac5f12dc-06b4-4280-9783-286c488b6e95.png": "C8_6pwOm5mpow59z7On57w01DB+S4SOZgg7BN1v/FQSsLs=",
    "Assets\\Images\\b402e2a5-df99-4170-9114-93397edb9f0d.png": "C8_dzeT0E5DpMirSy3FZ847ezMtFbIQ2O3UenGBqTTh+2k=",
    "Assets\\Images\\e23fa538-19e2-4f1e-9f31-86a1db35b027.jpg": "C8_5E2+FmBxC8+cToEMOIcT73K25cEf5bkx3e8oHcVwdPI=",
    "Assets\\Images\\efd8ba6c-e9af-4596-99eb-c69b8240cd53.png": "C8_FzvfkyaGoE2te7C+xNeCxJvND0TxMxOC23IVrPKI/mc=",
    "Controls\\1.json": "C8_Fvn98utdGKY6ZOh7LfgIvqJnh4hvZUJGncuNJuYjlYk=",
    "Controls\\19.json": "C8_qCnxwpCA4+WQRQjeTu+67cCa62dlLy/EVW1x5g816ug=",
    "Controls\\3.json": "C8_ZBpj0g0TeL1G3fy+tBVxyE+dhccH+kJqp5Q4taDauKo=",
    "Controls\\38.json": "C8_qNk5V36bJTjAqIENo192vb7LfaEisfKEJelhiZ5Eays=",
    "Controls\\67.json": "C8_BDAoQAKx/Plz2M6mxPBG+TicdoWRNbeASkmB608oWS4=",
    "Header.json": "C8_j8KHHxmrYPhT7HMYt6RR8ky3FinGF3IEp9hts1oQbHs=",
    "Properties.json": "C8_/q6szaT5V1eqxcJkcDoKsm04YgIFCGaOs7Qh3BwQ1TM=",
    "References\\AuxDataMap.json": "C8_FcDqmU48D14QmRty4RenU7TcXp0ezdY0U81pkrTTeHQ=",
    "References\\DataSources.json": "C8_hFX+mRGoP3+q70k/WKbj2rh/2DLOJp5zpDAuYfXFU0Y=",
    "References\\Resources.json": "C8_hdoIcFeoXqy5yCBXTqRzVOfOSwY5IJWD4who71m9wTU=",
    "References\\Templates.json": "C8_bM1per6kBTMhSqKr4CSIBska32sbHAhNPpJixuQ0usk=",
    "References\\Themes.json": "C8_ICevVr7hFBimNEmK/6NDb4YE2H0Ri8BUiWgASaENw7U=",
    "Resources\\PublishInfo.json": "C8_k8tNWCBPFkWbYNeHHZjuBM0Ib4Y/RltvhINBW8r3Pn0="
  },
  "ClientStampedChecksum": "C8_rsBUfbhiCGMd/7oGUl43U5prCgODDedHQAlnAhff7AE=",
  "ServerPerFileChecksums": {
    "AppCheckerResult.sarif": "C8_Trew5kHvEOSfyTK8A3j7+DC79lqT10A3SEIN776BQPg=",
    "Assets\\Images\\130c502e-addb-43fa-9623-50d5c5dcea32.jpg": "C8_FFffRWrY0KCcR8Zfg+tgW913WkLS3rTUocOGtSYCD7Y=",
    "Assets\\Images\\3f88892a-2f01-4d98-8dc3-8b2c31b62b48.jpg": "C8_IqCAQBIhOYbT0UJ5bS46/vrGgD2cjJ5SX41Bkstd5DI=",
    "Assets\\Images\\4853aa7c-cd02-41d2-9e52-7fd63996241b.jpg": "C8_bxz9NWZLSheS8Sj3Nf4EtNDRBs8c6hKBvD7hgCKJ4ZM=",
    "Assets\\Images\\ac5f12dc-06b4-4280-9783-286c488b6e95.png": "C8_6pwOm5mpow59z7On57w01DB+S4SOZgg7BN1v/FQSsLs=",
    "Assets\\Images\\b402e2a5-df99-4170-9114-93397edb9f0d.png": "C8_dzeT0E5DpMirSy3FZ847ezMtFbIQ2O3UenGBqTTh+2k=",
    "Assets\\Images\\e23fa538-19e2-4f1e-9f31-86a1db35b027.jpg": "C8_5E2+FmBxC8+cToEMOIcT73K25cEf5bkx3e8oHcVwdPI=",
    "Assets\\Images\\efd8ba6c-e9af-4596-99eb-c69b8240cd53.png": "C8_FzvfkyaGoE2te7C+xNeCxJvND0TxMxOC23IVrPKI/mc=",
    "Controls\\1.json": "C8_Fvn98utdGKY6ZOh7LfgIvqJnh4hvZUJGncuNJuYjlYk=",
    "Controls\\19.json": "C8_qCnxwpCA4+WQRQjeTu+67cCa62dlLy/EVW1x5g816ug=",
    "Controls\\3.json": "C8_ZBpj0g0TeL1G3fy+tBVxyE+dhccH+kJqp5Q4taDauKo=",
    "Controls\\38.json": "C8_qNk5V36bJTjAqIENo192vb7LfaEisfKEJelhiZ5Eays=",
    "Controls\\67.json": "C8_BDAoQAKx/Plz2M6mxPBG+TicdoWRNbeASkmB608oWS4=",
    "Header.json": "C8_j8KHHxmrYPhT7HMYt6RR8ky3FinGF3IEp9hts1oQbHs=",
    "Properties.json": "C8_/q6szaT5V1eqxcJkcDoKsm04YgIFCGaOs7Qh3BwQ1TM=",
    "References\\AuxDataMap.json": "C8_FcDqmU48D14QmRty4RenU7TcXp0ezdY0U81pkrTTeHQ=",
    "References\\DataSources.json": "C8_hFX+mRGoP3+q70k/WKbj2rh/2DLOJp5zpDAuYfXFU0Y=",
    "References\\Resources.json": "C8_hdoIcFeoXqy5yCBXTqRzVOfOSwY5IJWD4who71m9wTU=",
    "References\\Templates.json": "C8_bM1per6kBTMhSqKr4CSIBska32sbHAhNPpJixuQ0usk=",
    "References\\Themes.json": "C8_ICevVr7hFBimNEmK/6NDb4YE2H0Ri8BUiWgASaENw7U=",
    "Resources\\PublishInfo.json": "C8_k8tNWCBPFkWbYNeHHZjuBM0Ib4Y/RltvhINBW8r3Pn0="
  },
  "ServerStampedChecksum": "C8_rsBUfbhiCGMd/7oGUl43U5prCgODDedHQAlnAhff7AE="
}