{
  "ComponentIndexes": {},
  "ControlUniqueIds": {
    "App": 1,
    "BrowseGallery1": 13,
    "Button1": 69,
    "Data_DataCard1": 26,
    "Data_DataCard2": 44,
    "DataCardKey1": 27,
    "DataCardKey2": 30,
    "DataCardKey3": 33,
    "DataCardKey4": 36,
    "DataCardKey5": 46,
    "DataCardKey6": 54,
    "DataCardKey7": 59,
    "DataCardKey8": 64,
    "DataCardValue1": 28,
    "DataCardValue2": 31,
    "DataCardValue3": 34,
    "DataCardValue4": 37,
    "DataCardValue5": 55,
    "DataCardValue6": 60,
    "DataCardValue7": 65,
    "DateValue1": 47,
    "DetailForm1": 25,
    "Detalhes": 19,
    "Editar": 38,
    "EditForm1": 43,
    "ErrorMessage1": 51,
    "ErrorMessage2": 56,
    "ErrorMessage3": 61,
    "ErrorMessage4": 66,
    "galleryTemplate1": 14,
    "Home": 67,
    "HourValue1": 48,
    "Icon1": 9,
    "Icon11": 78,
    "Icon3": 71,
    "Icon3_1": 72,
    "Icon4": 74,
    "Icon4_2": 80,
    "Icon5": 73,
    "Icon5_1": 81,
    "Icon6": 83,
    "Icon6_1": 82,
    "Icon7": 68,
    "IconAccept1": 41,
    "IconBackarrow1": 21,
    "IconCancel1": 40,
    "IconDelete1": 23,
    "IconEdit1": 22,
    "IconNewItem1": 5,
    "IconRefresh1": 7,
    "IconSortUpDown1": 8,
    "Image1": 75,
    "Image1_1": 79,
    "Image1_2": 76,
    "Image1_3": 70,
    "Image1_4": 77,
    "LblAppName1": 6,
    "LblAppName2": 24,
    "LblAppName3": 42,
    "MinuteValue1": 50,
    "NextArrow1": 16,
    "Produto_DataCard1": 29,
    "Produto_DataCard2": 52,
    "Quantidade_DataCard1": 32,
    "Quantidade_DataCard2": 57,
    "Rectangle11": 12,
    "RectQuickActionBar1": 4,
    "RectQuickActionBar2": 20,
    "RectQuickActionBar3": 39,
    "SearchIcon1": 11,
    "Separator1": 18,
    "Separator2": 49,
    "StarVisible1": 45,
    "StarVisible2": 53,
    "StarVisible3": 58,
    "StarVisible4": 63,
    "Subtitle1": 17,
    "TelaAppVendas": 3,
    "TextSearchBox1": 10,
    "Title1": 15,
    "Valor_DataCard1": 35,
    "Valor_DataCard2": 62
  },
  "FunctionParamsInvariantScripts": {},
  "FunctionParamsInvariantScriptsOnInstances": {},
  "HeaderLastSavedDateTimeUTC": "07/05/2022 21:19:27",
  "IsLegacyComponentAllowGlobalScopeCase": false,
  "LocalConnectionIDReferences": {
    "a3b3456f-8377-4cf5-b52f-e694e2ccc4d2": "\"/providers/microsoft.powerapps/apis/shared_excel/connections/ca045859ba2d45f58e32b8b765984c80\"",
    "b2c3385f-9619-46a6-b419-f5100eebbcd1": "\"/providers/microsoft.powerapps/apis/shared_onedriveforbusiness/connections/176009c9b52243d4815b09848cfaacb9\""
  },
  "LocalDatabaseReferencesAsEmpty": false,
  "LocalResourceFileNames": {
    "background": "130c502e-addb-43fa-9623-50d5c5dcea32.jpg",
    "excel": "4853aa7c-cd02-41d2-9e52-7fd63996241b.jpg",
    "PowerApps": "efd8ba6c-e9af-4596-99eb-c69b8240cd53.png",
    "PowerAutomate": "3f88892a-2f01-4d98-8dc3-8b2c31b62b48.jpg",
    "PowerBi": "b402e2a5-df99-4170-9114-93397edb9f0d.png",
    "PowerVirtualAgents_1600x1600": "ac5f12dc-06b4-4280-9783-286c488b6e95.png",
    "services-bi-imgcontent-818x1064": "e23fa538-19e2-4f1e-9f31-86a1db35b027.jpg"
  },
  "LocalResourceRootPaths": {
    "background": "https://docserverpwaprodweu.blob.core.windows.net/009178f1-ed88-44de-9983-d4558e250ac8-1/resource/Assets0Images0130c502e-addb-43fa-9623-50d5c5dcea32.jpg?sv=2017-04-17&sr=b&sig=KvokcoyZenCMe8sz3cuhPgQ7qcaq9ITCoopdqkG9%2FYM%3D&spr=https&se=2022-07-06T21%3A32%3A55Z&sp=r",
    "excel": "https://docserverpwaprodweu.blob.core.windows.net/009178f1-ed88-44de-9983-d4558e250ac8-1/resource/Assets0Images04853aa7c-cd02-41d2-9e52-7fd63996241b.jpg?sv=2017-04-17&sr=b&sig=kaGqvbS1STydY%2Bh7pTLXZN4PtdalG%2FYXF4Am9K2dpEY%3D&spr=https&se=2022-07-06T21%3A32%3A55Z&sp=r",
    "PowerApps": "https://docserverpwaprodweu.blob.core.windows.net/009178f1-ed88-44de-9983-d4558e250ac8-1/resource/Assets0Images0efd8ba6c-e9af-4596-99eb-c69b8240cd53.png?sv=2017-04-17&sr=b&sig=%2F373RTo8MCjKjhW6vI2ufpsT%2Be135icNFvMw%2FHqJ83o%3D&spr=https&se=2022-07-06T21%3A32%3A55Z&sp=r",
    "PowerAutomate": "https://docserverpwaprodweu.blob.core.windows.net/009178f1-ed88-44de-9983-d4558e250ac8-1/resource/Assets0Images03f88892a-2f01-4d98-8dc3-8b2c31b62b48.jpg?sv=2017-04-17&sr=b&sig=5PteyqeuhY3t1FCpJyjQakk4n0C6Od9VEukBA5jS6aI%3D&spr=https&se=2022-07-06T21%3A32%3A55Z&sp=r",
    "PowerBi": "https://docserverpwaprodweu.blob.core.windows.net/009178f1-ed88-44de-9983-d4558e250ac8-1/resource/Assets0Images0b402e2a5-df99-4170-9114-93397edb9f0d.png?sv=2017-04-17&sr=b&sig=lYgEDF5xuhQkLIkaIAinYhSvFtIMnjTzO9XKGM1nOpk%3D&spr=https&se=2022-07-06T21%3A32%3A55Z&sp=r",
    "PowerVirtualAgents_1600x1600": "https://docserverpwaprodweu.blob.core.windows.net/009178f1-ed88-44de-9983-d4558e250ac8-1/resource/Assets0Images0ac5f12dc-06b4-4280-9783-286c488b6e95.png?sv=2017-04-17&sr=b&sig=lDQjvqDW%2Bqkf%2B96Mprsc947Z5HbyUGBsETnaHKOPMdE%3D&spr=https&se=2022-07-06T21%3A32%3A55Z&sp=r",
    "services-bi-imgcontent-818x1064": "https://docserverpwaprodweu.blob.core.windows.net/009178f1-ed88-44de-9983-d4558e250ac8-1/resource/Assets0Images0e23fa538-19e2-4f1e-9f31-86a1db35b027.jpg?sv=2017-04-17&sr=b&sig=Z0XVTOvF4529U23jVUTcS07P9P15vaV45ZfsQc%2FPr5I%3D&spr=https&se=2022-07-06T21%3A32%3A55Z&sp=r"
  },
  "OrderComponentMetadata": {},
  "OrderComponentTemplate": {},
  "OrderDataSource": {
    "CustomGallerySample": 1,
    "DropDownSample": 2,
    "Tabla1": 0
  },
  "OrderGroupControls": {},
  "OrderPcfTemplate": {},
  "OrderTemplate": {},
  "OrderXMLTemplate": {
    "button": 9,
    "datepicker": 7,
    "dropdown": 8,
    "form": 6,
    "formViewer": 5,
    "gallery": 4,
    "icon": 1,
    "image": 10,
    "label": 2,
    "rectangle": 0,
    "text": 3
  },
  "PublishOrderIndices": {
    "App": 0,
    "BrowseGallery1": 25,
    "Button1": 1,
    "Data_DataCard1": 37,
    "Data_DataCard2": 54,
    "DataCardKey1": 38,
    "DataCardKey2": 41,
    "DataCardKey3": 44,
    "DataCardKey4": 47,
    "DataCardKey5": 56,
    "DataCardKey6": 64,
    "DataCardKey7": 69,
    "DataCardKey8": 74,
    "DataCardValue1": 39,
    "DataCardValue2": 42,
    "DataCardValue3": 45,
    "DataCardValue4": 48,
    "DataCardValue5": 65,
    "DataCardValue6": 70,
    "DataCardValue7": 75,
    "DateValue1": 57,
    "DetailForm1": 36,
    "Detalhes": 0,
    "Editar": 0,
    "EditForm1": 53,
    "ErrorMessage1": 61,
    "ErrorMessage2": 66,
    "ErrorMessage3": 71,
    "ErrorMessage4": 76,
    "galleryTemplate1": 26,
    "Home": 0,
    "HourValue1": 58,
    "Icon1": 21,
    "Icon11": 10,
    "Icon3": 3,
    "Icon3_1": 4,
    "Icon4": 6,
    "Icon4_2": 12,
    "Icon5": 5,
    "Icon5_1": 13,
    "Icon6": 15,
    "Icon6_1": 14,
    "Icon7": 0,
    "IconAccept1": 51,
    "IconBackarrow1": 32,
    "IconCancel1": 50,
    "IconDelete1": 34,
    "IconEdit1": 33,
    "IconNewItem1": 17,
    "IconRefresh1": 19,
    "IconSortUpDown1": 20,
    "Image1": 7,
    "Image1_1": 11,
    "Image1_2": 8,
    "Image1_3": 2,
    "Image1_4": 9,
    "LblAppName1": 18,
    "LblAppName2": 35,
    "LblAppName3": 52,
    "MinuteValue1": 60,
    "NextArrow1": 28,
    "Produto_DataCard1": 40,
    "Produto_DataCard2": 62,
    "Quantidade_DataCard1": 43,
    "Quantidade_DataCard2": 67,
    "Rectangle11": 24,
    "RectQuickActionBar1": 16,
    "RectQuickActionBar2": 31,
    "RectQuickActionBar3": 49,
    "SearchIcon1": 23,
    "Separator1": 30,
    "Separator2": 59,
    "StarVisible1": 55,
    "StarVisible2": 63,
    "StarVisible3": 68,
    "StarVisible4": 73,
    "Subtitle1": 29,
    "TelaAppVendas": 0,
    "TextSearchBox1": 22,
    "Title1": 27,
    "Valor_DataCard1": 46,
    "Valor_DataCard2": 72
  },
  "ResourcesJsonIndices": {
    "Image-background": 1,
    "Image-excel": 7,
    "Image-PowerApps": 3,
    "Image-PowerAutomate": 4,
    "Image-PowerBi": 5,
    "Image-PowerVirtualAgents_1600x1600": 6,
    "Image-SampleImage": 2,
    "Image-services-bi-imgcontent-818x1064": 0
  },
  "RuleScreenIdWithoutScreen": {},
  "TemplateVersions": {},
  "VolatileProperties": {
    "AnalysisLoadTime": 0.5615184,
    "ControlCount": {
      "button": 1,
      "datepicker": 1,
      "dropdown": 2,
      "form": 1,
      "formViewer": 1,
      "gallery": 1,
      "galleryTemplate": 1,
      "icon": 21,
      "image": 5,
      "label": 26,
      "rectangle": 5,
      "screen": 4,
      "text": 4,
      "typedDataCard": 8
    },
    "DeserializationLoadTime": 3.3169661,
    "ErrorCount": 0
  },
  "WasLocalDatabaseReferencesEmpty": true
}