{
  "FormatVersion": "0.24",
  "Header": {
    "DocVersion": "1.324",
    "MinVersionToLoad": "1.324",
    "MSAppStructureVersion": "2.0"
  },
  "Properties": {
    "AppCreationSource": "AppFromData",
    "AppDescription": "",
    "AppPreviewFlagsMap": {
      "aibuilderserviceenrollment": false,
      "allowmultiplescreensincanvaspages": false,
      "autocreateenvironmentvariables": false,
      "backfromhostaction": false,
      "behaviorpropertyui": false,
      "blockmovingcontrol": true,
      "cdsdataformatting": false,
      "classiccontrols": false,
      "componentauthoring": true,
      "copyandmerge": true,
      "datatablev2control": true,
      "dataverseactionsenabled": false,
      "delaycontrolrendering": false,
      "delayloadscreens": true,
      "disablecdsfileandlargeimage": false,
      "dynamicschema": false,
      "enableaimodelsindatapane": true,
      "enableappembeddingux": false,
      "enablecomponentnamemaps": false,
      "enablecomponentscopeoldbehavior": false,
      "enableeditcacherefreshfrequency": false,
      "enableexcelonlinebusinessv2connector": true,
      "enableideaspanel": true,
      "enableonstart": true,
      "enableonstartnavigate": false,
      "enablepcfmoderndatasets": true,
      "enablepowerautomatepane": true,
      "enablerowscopeonetonexpand": false,
      "enablerpawarecomponentdependency": true,
      "enablerulespanel": false,
      "enablesaveloadcleardataonweb": false,
      "enhanceddelegation": true,
      "enhancedgalleryinitialization": true,
      "errorhandling": false,
      "expandedsavedatasupport": true,
      "exportimportcomponents2": true,
      "externalmessage": false,
      "formuladataprefetch": true,
      "formularepair": true,
      "generatedebugpublishedapp": false,
      "herocontrols": false,
      "improvedmediacapture": false,
      "improvedtabstopbehavior": true,
      "keeprecentscreensloaded": false,
      "longlivingcache": false,
      "nativecdsexperimental": true,
      "optimizedforteamsmeeting": false,
      "parallelcodegen": false,
      "projectionmapping": true,
      "reactformulabar": false,
      "reliableconcurrent": true,
      "rtlinstudiopreview": false,
      "rtlsupport": false,
      "searchtool": true,
      "usedisplaynamemetadata": true,
      "useenforcesavedatalimits": true,
      "useexperimentalcdsconnector": true,
      "useexperimentalsqlconnector": true,
      "useguiddatatypes": true,
      "usenonblockingonstartrule": true,
      "webbarcodescanner": false
    },
    "Author": "",
    "ContainsThirdPartyPcfControls": false,
    "DefaultConnectedDataSourceMaxGetRowsCount": 500,
    "DocumentAppType": "Phone",
    "DocumentLayoutHeight": 1136,
    "DocumentLayoutLockOrientation": false,
    "DocumentLayoutMaintainAspectRatio": true,
    "DocumentLayoutOrientation": "portrait",
    "DocumentLayoutScaleToFit": true,
    "DocumentLayoutWidth": 640,
    "DocumentType": "App",
    "EnableInstrumentation": false,
    "FileID": "00cc60d4-94ce-4b68-af25-2c521f9c32c4",
    "Id": "9941d6fd-4a7a-420b-9b3f-d903c2dfb0bc",
    "InstrumentationKey": "",
    "LocalDatabaseReferences": "{}",
    "Name": "App+de+Vendas+PP.msapp",
    "OriginatingVersion": "1.324"
  },
  "PublishInfo": {
    "AppName": "App de Vendas PP",
    "BackgroundColor": "RGBA(0,176,240,1)",
    "IconColor": "RGBA(255,255,255,1)",
    "IconName": "Edit",
    "LogoFileName": "",
    "PublishDataLocally": false,
    "PublishResourcesLocally": false,
    "PublishTarget": "player",
    "UserLocale": "pt-BR"
  },
  "ScreenOrder": [
    "Home",
    "TelaAppVendas",
    "Detalhes",
    "Editar"
  ]
}