{
  "a3b3456f-8377-4cf5-b52f-e694e2ccc4d2": {
    "connectionParameters": {
      "sku": "Enterprise"
    },
    "connectionRef": {
      "apiTier": "Standard",
      "displayName": "Excel",
      "iconUri": "https://connectoricons-prod.azureedge.net/releases/v1.0.1570/1.0.1570.2764/excel/icon.png",
      "id": "/providers/microsoft.powerapps/apis/shared_excel",
      "parameterHints": {
        "b2c3385f-9619-46a6-b419-f5100eebbcd1": {
          "value": "fileSource"
        }
      },
      "parameterHintsV2": {
        "fileSource": {
          "value": "b2c3385f-9619-46a6-b419-f5100eebbcd1"
        }
      }
    },
    "datasets": {
      "b!RsWzh7bixkWVTtT_xUjZz1v1cc588HhPhWnKeby4h72gxa59GZlaQaWxMDZT1NAV.014B6YSNHPXZUF4JAVPNDZTI7RZBZFEMNU": {
        "dataSources": {
          "Tabla1": {
            "tableName": "Tabla1"
          }
        }
      }
    },
    "dataSources": [
      "Tabla1"
    ],
    "dependencies": {
      "fileSource": "b2c3385f-9619-46a6-b419-f5100eebbcd1"
    },
    "dependents": [],
    "id": "a3b3456f-8377-4cf5-b52f-e694e2ccc4d2"
  },
  "b2c3385f-9619-46a6-b419-f5100eebbcd1": {
    "connectionParameters": {
      "sku": "Enterprise"
    },
    "connectionRef": {
      "apiTier": "Standard",
      "displayName": "OneDrive for Business",
      "iconUri": "https://connectoricons-prod.azureedge.net/releases/v1.0.1546/1.0.1546.2665/onedriveforbusiness/icon.png",
      "id": "/providers/microsoft.powerapps/apis/shared_onedriveforbusiness",
      "parameterHints": {},
      "parameterHintsV2": {}
    },
    "datasets": {},
    "dataSources": [],
    "dependencies": {},
    "dependents": [
      "a3b3456f-8377-4cf5-b52f-e694e2ccc4d2"
    ],
    "id": "b2c3385f-9619-46a6-b419-f5100eebbcd1"
  }
}