{
  "ControlStates": {
    "App": {
      "AllowAccessToGlobals": true,
      "ControlPropertyState": [
        "MinScreenHeight",
        "MinScreenWidth",
        "ConfirmExit",
        "SizeBreakpoints",
        "BackEnabled"
      ],
      "IsAutoGenerated": false,
      "IsComponentDefinition": false,
      "IsDataControl": true,
      "IsFromScreenLayout": false,
      "IsGroupControl": false,
      "IsLocked": false,
      "LayoutName": "",
      "MetaDataIDKey": "",
      "Name": "App",
      "ParentIndex": 0,
      "PersistMetaDataIDKey": false,
      "Properties": [
        {
          "Category": "Data",
          "PropertyName": "ConfirmExit",
          "RuleProviderType": "Unknown"
        },
        {
          "Category": "Data",
          "PropertyName": "BackEnabled",
          "RuleProviderType": "Unknown"
        },
        {
          "Category": "Design",
          "PropertyName": "MinScreenHeight",
          "RuleProviderType": "Unknown"
        },
        {
          "Category": "Design",
          "PropertyName": "MinScreenWidth",
          "RuleProviderType": "Unknown"
        },
        {
          "Category": "ConstantData",
          "PropertyName": "SizeBreakpoints",
          "RuleProviderType": "Unknown"
        }
      ],
      "StyleName": "",
      "Type": "ControlInfo"
    }
  },
  "TopParentName": "App"
}