[
  {
    "ApiId": "/providers/microsoft.powerapps/apis/shared_excel",
    "CdpRevision": {
      "BaseUrl": "/",
      "LastChangedTimeString": "2022-04-18T17:05:54.5100000Z",
      "RevisionNumber": 1
    },
    "ConnectedDataSourceInfoNameMapping": {
      "__PowerAppsId__": "Row id",
      "Data": "Data",
      "Produto": "Produto",
      "Quantidade": "Quantidade",
      "Valor": "Valor"
    },
    "DatasetName": "b!RsWzh7bixkWVTtT_xUjZz1v1cc588HhPhWnKeby4h72gxa59GZlaQaWxMDZT1NAV.014B6YSNHPXZUF4JAVPNDZTI7RZBZFEMNU",
    "EncodeDataset": true,
    "IsSampleData": false,
    "IsWritable": true,
    "Name": "Tabla1",
    "Type": "ConnectedDataSourceInfo"
  }
]