{
  "DataEntityMetadataJson": {
    "Tabla1": "{\"name\":\"Tabla1\",\"title\":\"Tabla1\",\"x-ms-permission\":\"read-write\",\"schema\":{\"type\":\"array\",\"items\":{\"type\":\"object\",\"properties\":{\"Data\":{\"type\":\"string\",\"format\":\"date-time\",\"x-ms-keyOrder\":0,\"x-ms-keyType\":\"none\",\"x-ms-sort\":\"none\",\"title\":\"Data\"},\"Produto\":{\"type\":\"string\",\"x-ms-keyOrder\":0,\"x-ms-keyType\":\"none\",\"x-ms-sort\":\"none\",\"title\":\"Produto\"},\"Quantidade\":{\"type\":\"string\",\"x-ms-keyOrder\":0,\"x-ms-keyType\":\"none\",\"x-ms-sort\":\"none\",\"title\":\"Quantidade\"},\"Valor\":{\"type\":\"number\",\"format\":\"double\",\"x-ms-keyOrder\":0,\"x-ms-keyType\":\"none\",\"x-ms-sort\":\"none\",\"title\":\"Valor\"},\"__PowerAppsId__\":{\"type\":\"string\",\"x-ms-keyOrder\":1,\"x-ms-keyType\":\"primary\",\"x-ms-sort\":\"none\",\"x-ms-permission\":\"read-only\",\"title\":\"Row id\"}}}}}"
  },
  "EntityName": "Tabla1",
  "TableName": "Tabla1"
}