{
  "AppFromDataMetaDataIdsToEntityNameMappings": "{\"%DataSourceName.AFD%\":\"Tabla1\",\"%DataSourceValue.AFD%\":\"[@Tabla1]\",\"%SortFieldName.AFD%\":\"\\\"Produto\\\"\",\"%SearchFieldName.AFD%\":\"\\\"Produto\\\",\\\"Quantidade\\\"\",\"%StartsWithFieldName.AFD%\":\"Produto\",\"%DeleteConfirmFieldName.AFD%\":\"Produto\",\"%SortDescending.AFD%\":\"SortDescending1\",\"%BrowseScreen.AFD%\":\"BrowseScreen1\",\"%DetailScreen.AFD%\":\"DetailScreen1\",\"%EditScreen.AFD%\":\"EditScreen1\",\"%BrowseContainer.ID%\":\"BrowseGallery1\",\"%DetailEditContainer.ID%\":\"EditForm1\"}"
}